{
	"clear_color" : 
	{
		"A" : 1.0,
		"B" : 0.46077969670295715,
		"G" : 0.46077969670295715,
		"R" : 0.46078431606292725
	},
	"line_color" : 
	{
		"A" : 0.0,
		"B" : 0.17425987124443054,
		"G" : 0.17425987124443054,
		"R" : 0.96078431606292725
	},
	"pFinal" : 
	{
		"x" : 500,
		"y" : 500
	},
	"pStart" : 
	{
		"x" : 100,
		"y" : 500
	},
	"point_size" : 10.255999565124512,
	"scr_height" : 600,
	"scr_width" : 800,
	"spacing_index" : 4
}
