{
	"clear_color" : 
	{
		"A" : 1.0,
		"B" : 0.36548444628715515,
		"G" : 0.36548444628715515,
		"R" : 0.95588237047195435
	},
	"line_color" : 
	{
		"A" : 0.0,
		"B" : 9.9998999303352321e-07,
		"G" : 9.9998999303352321e-07,
		"R" : 9.9999999747524271e-07
	},
	"pFinal" : 
	{
		"x" : 880,
		"y" : 200
	},
	"pStart" : 
	{
		"x" : 387,
		"y" : 328
	},
	"point_size" : 8.4589996337890625,
	"scr_height" : 705,
	"scr_width" : 1366,
	"spacing_index" : 5
}
