{
	"clear_color" : 
	{
		"A" : 1.0,
		"B" : 0.99998998641967773,
		"G" : 0.99998998641967773,
		"R" : 1.0
	},
	"line_color" : 
	{
		"A" : 0.0,
		"B" : 9.9999999747524271e-07,
		"G" : 9.9999272151762852e-07,
		"R" : 9.9998999303352321e-07
	},
	"pFinal" : 
	{
		"x" : 500,
		"y" : 500
	},
	"pStart" : 
	{
		"x" : 0,
		"y" : 0
	},
	"point_size" : 17.843000411987305,
	"scr_height" : 600,
	"scr_width" : 800,
	"spacing_index" : 0
}
